<?xml version="1.0" encoding="UTF-8"?>
<!--
/****************************************************************************
**
** Copyright (C) 2019 The Qt Company Ltd.
** Contact: https://www.qt.io/licensing/
**
** This file is part of Qt for Python.
**
** $QT_BEGIN_LICENSE:LGPL$
** Commercial License Usage
** Licensees holding valid commercial Qt licenses may use this file in
** accordance with the commercial license agreement provided with the
** Software or, alternatively, in accordance with the terms contained in
** a written agreement between you and The Qt Company. For licensing terms
** and conditions see https://www.qt.io/terms-conditions. For further
** information use the contact form at https://www.qt.io/contact-us.
**
** GNU Lesser General Public License Usage
** Alternatively, this file may be used under the terms of the GNU Lesser
** General Public License version 3 as published by the Free Software
** Foundation and appearing in the file LICENSE.LGPL3 included in the
** packaging of this file. Please review the following information to
** ensure the GNU Lesser General Public License version 3 requirements
** will be met: https://www.gnu.org/licenses/lgpl-3.0.html.
**
** GNU General Public License Usage
** Alternatively, this file may be used under the terms of the GNU
** General Public License version 2.0 or (at your option) the GNU General
** Public license version 3 or any later version approved by the KDE Free
** Qt Foundation. The licenses are as published by the Free Software
** Foundation and appearing in the file LICENSE.GPL2 and LICENSE.GPL3
** included in the packaging of this file. Please review the following
** information to ensure the GNU General Public License requirements will
** be met: https://www.gnu.org/licenses/gpl-2.0.html and
** https://www.gnu.org/licenses/gpl-3.0.html.
**
** $QT_END_LICENSE$
**
****************************************************************************/
-->
<typesystem package="PySide2.QtRemoteObjects">
    <load-typesystem name="templates/core_common.xml" generate="no"/>
    <load-typesystem name="QtCore/typesystem_core.xml" generate="no"/>
    <rejection class="*" function-name="getTypeNameAndMetaobjectFromClassInfo"/>
<!-- Exclude namespace due to Q_NAMESPACE link errors on Windows (QTBUG-68014)
    <rejection class="QtRemoteObjects" field-name="staticMetaObject"/>
    <namespace-type name="QtRemoteObjects">
        <enum-type name="InitialAction"/>
        <enum-type name="QRemoteObjectPacketTypeEnum"/>
    </namespace-type>
-->
    <object-type name="QAbstractItemModelReplica"/>
    <object-type name="QRemoteObjectAbstractPersistedStore"/>
    <object-type name="QRemoteObjectDynamicReplica"/>
    <object-type name="QRemoteObjectHost"/>
    <object-type name="QRemoteObjectHostBase">
        <enum-type name="AllowedSchemas"/>
    </object-type>
    <object-type name="QRemoteObjectNode">
        <enum-type name="ErrorCode"/>
    </object-type>
    <object-type name="QRemoteObjectPendingCall">
        <enum-type name="Error"/>
    </object-type>
    <object-type name="QRemoteObjectPendingCallWatcher"/>
    <object-type name="QRemoteObjectRegistry"/>
    <object-type name="QRemoteObjectRegistryHost"/>
    <object-type name="QRemoteObjectReplica">
        <enum-type name="State"/>
        <!-- protected: <enum-type name="ConstructorType"/>  -->
    </object-type>
    <object-type name="QRemoteObjectSettingsStore"/>
    <value-type name="QRemoteObjectSourceLocationInfo"/>
</typesystem>
