<?xml version="1.0" encoding="UTF-8"?>
<!--
/****************************************************************************
**
** Copyright (C) 2016 The Qt Company Ltd.
** Contact: https://www.qt.io/licensing/
**
** This file is part of Qt for Python.
**
** $QT_BEGIN_LICENSE:LGPL$
** Commercial License Usage
** Licensees holding valid commercial Qt licenses may use this file in
** accordance with the commercial license agreement provided with the
** Software or, alternatively, in accordance with the terms contained in
** a written agreement between you and The Qt Company. For licensing terms
** and conditions see https://www.qt.io/terms-conditions. For further
** information use the contact form at https://www.qt.io/contact-us.
**
** GNU Lesser General Public License Usage
** Alternatively, this file may be used under the terms of the GNU Lesser
** General Public License version 3 as published by the Free Software
** Foundation and appearing in the file LICENSE.LGPL3 included in the
** packaging of this file. Please review the following information to
** ensure the GNU Lesser General Public License version 3 requirements
** will be met: https://www.gnu.org/licenses/lgpl-3.0.html.
**
** GNU General Public License Usage
** Alternatively, this file may be used under the terms of the GNU
** General Public License version 2.0 or (at your option) the GNU General
** Public license version 3 or any later version approved by the KDE Free
** Qt Foundation. The licenses are as published by the Free Software
** Foundation and appearing in the file LICENSE.GPL2 and LICENSE.GPL3
** included in the packaging of this file. Please review the following
** information to ensure the GNU General Public License requirements will
** be met: https://www.gnu.org/licenses/gpl-2.0.html and
** https://www.gnu.org/licenses/gpl-3.0.html.
**
** $QT_END_LICENSE$
**
****************************************************************************/
-->
<typesystem package="PySide2.QtConcurrent">
  <load-typesystem name="QtCore/typesystem_core.xml" generate="no"/>

  <!-- Qt5: this is currently the minimum possible QtConcurrent support, by just extracting
        the name space from QtCore -->
  <namespace-type name="QtConcurrent" target-type="class">
    <rejection class="QtConcurrent" enum-name="enum_1"/>
    <enum-type name="ReduceOption" flags="ReduceOptions"/>
    <enum-type name="ThreadFunctionResult"/>
    <extra-includes>
      <include file-name="qtconcurrentreducekernel.h" location="global"/>
      <include file-name="qtconcurrentthreadengine.h" location="global"/>
    </extra-includes>
  </namespace-type>

  <typedef-type name="QFutureVoid" source="QFuture&lt;void&gt;" disable-wrapper="yes">
      <include file-name="QtCore/qfuture.h" location="global"/>
      <modify-function signature="isResultReadyAt(int) const" remove="all"/>
  </typedef-type>
  <typedef-type name="QFutureQString" source="QFuture&lt;QString&gt;" disable-wrapper="yes">
      <include file-name="QtCore/qfuture.h" location="global"/>
  </typedef-type>
  <typedef-type name="QFutureWatcherVoid" source="QFutureWatcher&lt;void&gt;">
      <include file-name="QtCore/qfuturewatcher.h" location="global"/>
  </typedef-type>
  <typedef-type name="QFutureWatcherQString" source="QFutureWatcher&lt;QString&gt;">
      <include file-name="QtCore/qfuturewatcher.h" location="global"/>
  </typedef-type>

</typesystem>
