<?xml version="1.0" encoding="UTF-8"?>
<!--
/****************************************************************************
**
** Copyright (C) 2017 The Qt Company Ltd.
** Contact: https://www.qt.io/licensing/
**
** This file is part of Qt for Python.
**
** $QT_BEGIN_LICENSE:LGPL$
** Commercial License Usage
** Licensees holding valid commercial Qt licenses may use this file in
** accordance with the commercial license agreement provided with the
** Software or, alternatively, in accordance with the terms contained in
** a written agreement between you and The Qt Company. For licensing terms
** and conditions see https://www.qt.io/terms-conditions. For further
** information use the contact form at https://www.qt.io/contact-us.
**
** GNU Lesser General Public License Usage
** Alternatively, this file may be used under the terms of the GNU Lesser
** General Public License version 3 as published by the Free Software
** Foundation and appearing in the file LICENSE.LGPL3 included in the
** packaging of this file. Please review the following information to
** ensure the GNU Lesser General Public License version 3 requirements
** will be met: https://www.gnu.org/licenses/lgpl-3.0.html.
**
** GNU General Public License Usage
** Alternatively, this file may be used under the terms of the GNU
** General Public License version 2.0 or (at your option) the GNU General
** Public license version 3 or any later version approved by the KDE Free
** Qt Foundation. The licenses are as published by the Free Software
** Foundation and appearing in the file LICENSE.GPL2 and LICENSE.GPL3
** included in the packaging of this file. Please review the following
** information to ensure the GNU General Public License requirements will
** be met: https://www.gnu.org/licenses/gpl-2.0.html and
** https://www.gnu.org/licenses/gpl-3.0.html.
**
** $QT_END_LICENSE$
**
****************************************************************************/
-->
<typesystem package="PySide2.QtWinExtras">
    <load-typesystem name="QtCore/typesystem_core.xml" generate="no"/>
    <load-typesystem name="QtGui/typesystem_gui.xml" generate="no"/>
    <load-typesystem name="QtWidgets/typesystem_widgets.xml" generate="no"/>

    <namespace-type name="QtWin">
        <enum-type name="HBitmapFormat"/>
        <enum-type name="WindowFlip3DPolicy"/>
    </namespace-type>
    <object-type name="QWinEvent" since="5.2"/>
    <object-type name="QWinColorizationChangeEvent" since="5.2"/>
    <object-type name="QWinCompositionChangeEvent" since="5.2"/>
    <object-type name="QWinJumpList" since="5.2"/>
    <object-type name="QWinJumpListCategory" since="5.2">
        <enum-type name="Type"/>
    </object-type>
    <object-type name="QWinJumpListItem" since="5.2">
        <enum-type name="Type"/>
    </object-type>
    <!-- <object-type name="QWinMime" since="5.4"/> -->
    <object-type name="QWinTaskbarButton" since="5.2"/>
    <object-type name="QWinTaskbarProgress" since="5.2"/>
    <object-type name="QWinThumbnailToolBar" since="5.2"/>
    <object-type name="QWinThumbnailToolButton" since="5.2"/>
</typesystem>
