<?xml version="1.0" encoding="UTF-8"?>
<!--
/****************************************************************************
**
** Copyright (C) 2016 The Qt Company Ltd.
** Contact: https://www.qt.io/licensing/
**
** This file is part of Qt for Python.
**
** $QT_BEGIN_LICENSE:LGPL$
** Commercial License Usage
** Licensees holding valid commercial Qt licenses may use this file in
** accordance with the commercial license agreement provided with the
** Software or, alternatively, in accordance with the terms contained in
** a written agreement between you and The Qt Company. For licensing terms
** and conditions see https://www.qt.io/terms-conditions. For further
** information use the contact form at https://www.qt.io/contact-us.
**
** GNU Lesser General Public License Usage
** Alternatively, this file may be used under the terms of the GNU Lesser
** General Public License version 3 as published by the Free Software
** Foundation and appearing in the file LICENSE.LGPL3 included in the
** packaging of this file. Please review the following information to
** ensure the GNU Lesser General Public License version 3 requirements
** will be met: https://www.gnu.org/licenses/lgpl-3.0.html.
**
** GNU General Public License Usage
** Alternatively, this file may be used under the terms of the GNU
** General Public License version 2.0 or (at your option) the GNU General
** Public license version 3 or any later version approved by the KDE Free
** Qt Foundation. The licenses are as published by the Free Software
** Foundation and appearing in the file LICENSE.GPL2 and LICENSE.GPL3
** included in the packaging of this file. Please review the following
** information to ensure the GNU General Public License requirements will
** be met: https://www.gnu.org/licenses/gpl-2.0.html and
** https://www.gnu.org/licenses/gpl-3.0.html.
**
** $QT_END_LICENSE$
**
****************************************************************************/
-->

<typesystem package="PySide2.QtHelp">
    <load-typesystem name="QtWidgets/typesystem_widgets.xml" generate="no"/>

    <value-type name="QCompressedHelpInfo" since="5.13"/>
    <value-type name="QHelpContentItem">
      <modify-function signature="parent()const">
        <modify-argument index="return">
          <define-ownership owner="default"/>
        </modify-argument>
      </modify-function>
    </value-type>
    <object-type name="QHelpContentModel" polymorphic-id-expression="qobject_cast&lt;QHelpContentModel*&gt;(%1)"/>
    <object-type name="QHelpContentWidget"/>
    <object-type name="QHelpEngine"/>
    <object-type name="QHelpEngineCore"/>
    <value-type name="QHelpFilterData" since="5.13"/>
    <object-type name="QHelpFilterEngine" since="5.13"/>
    <object-type name="QHelpFilterSettingsWidget" since="5.15"/>
    <object-type name="QHelpIndexModel"/>
    <object-type name="QHelpIndexWidget"/>
    <value-type name="QHelpLink" since="5.15"/>
    <object-type name="QHelpSearchEngine"/>
    <value-type name="QHelpSearchQuery">
        <enum-type name="FieldName"/>
    </value-type>
    <object-type name="QHelpSearchQueryWidget"/>
    <object-type name="QHelpSearchResult"/>
    <object-type name="QHelpSearchResultWidget"/>
</typesystem>
