<?xml version="1.0" encoding="UTF-8"?>
<!--
/****************************************************************************
**
** Copyright (C) 2017 The Qt Company Ltd.
** Contact: https://www.qt.io/licensing/
**
** This file is part of Qt for Python.
**
** $QT_BEGIN_LICENSE:LGPL$
** Commercial License Usage
** Licensees holding valid commercial Qt licenses may use this file in
** accordance with the commercial license agreement provided with the
** Software or, alternatively, in accordance with the terms contained in
** a written agreement between you and The Qt Company. For licensing terms
** and conditions see https://www.qt.io/terms-conditions. For further
** information use the contact form at https://www.qt.io/contact-us.
**
** GNU Lesser General Public License Usage
** Alternatively, this file may be used under the terms of the GNU Lesser
** General Public License version 3 as published by the Free Software
** Foundation and appearing in the file LICENSE.LGPL3 included in the
** packaging of this file. Please review the following information to
** ensure the GNU Lesser General Public License version 3 requirements
** will be met: https://www.gnu.org/licenses/lgpl-3.0.html.
**
** GNU General Public License Usage
** Alternatively, this file may be used under the terms of the GNU
** General Public License version 2.0 or (at your option) the GNU General
** Public license version 3 or any later version approved by the KDE Free
** Qt Foundation. The licenses are as published by the Free Software
** Foundation and appearing in the file LICENSE.GPL2 and LICENSE.GPL3
** included in the packaging of this file. Please review the following
** information to ensure the GNU General Public License requirements will
** be met: https://www.gnu.org/licenses/gpl-2.0.html and
** https://www.gnu.org/licenses/gpl-3.0.html.
**
** $QT_END_LICENSE$
**
****************************************************************************/
-->

<typesystem package="PySide2.Qt3DCore">
    <load-typesystem name="QtGui/typesystem_gui.xml" generate="no"/>
    <namespace-type name="Qt3DCore" generate-using="no">
        <enum-type name="ChangeFlag" flags="ChangeFlags"/>
        <object-type name="QAbstractAspect"/>
        <object-type name="QAbstractSkeleton" since="5.10"/>
        <object-type name="QArmature" since="5.10"/>
        <object-type name="QAspectEngine">
          <enum-type name="RunMode" since="5.14"/>
          <modify-function signature="registerAspect(Qt3DCore::QAbstractAspect*)">
            <modify-argument index="this">
              <parent index="1" action="add"/>
            </modify-argument>
          </modify-function>
        </object-type>
        <object-type name="QAspectJob"/>
        <object-type name="QBackendNode">
            <enum-type name="Mode"/>
        </object-type>
        <!-- TODO: Solve issues related to windows and a unresolved
            external symbol
        <object-type name="QBackendNodeMapper"/>-->
        <object-type name="QComponent"/>
        <object-type name="QComponentAddedChange"/>
        <object-type name="QComponentRemovedChange"/>
        <object-type name="QDynamicPropertyUpdatedChange"/>
        <object-type name="QEntity">
          <modify-function signature="addComponent(Qt3DCore::QComponent*)">
            <modify-argument index="this">
              <parent index="1" action="add"/>
            </modify-argument>
          </modify-function>
        </object-type>
        <object-type name="QJoint" since="5.10">
          <modify-function signature="addChildJoint(Qt3DCore::QJoint*)">
            <modify-argument index="this">
              <parent index="1" action="add"/>
            </modify-argument>
          </modify-function>
        </object-type>
        <object-type name="QNode">
            <enum-type name="PropertyTrackingMode"/>
        </object-type>
        <object-type name="QNodeCommand" since="5.10"/>
        <object-type name="QNodeCreatedChangeBase"/>
        <object-type name="QNodeDestroyedChange"/>
        <value-type name="QNodeId"/>
        <value-type name="QNodeIdTypePair"/>
        <object-type name="QPropertyNodeAddedChange"/>
        <object-type name="QPropertyNodeRemovedChange"/>
        <object-type name="QPropertyUpdatedChange"/>
        <object-type name="QPropertyUpdatedChangeBase"/>
        <object-type name="QPropertyValueAddedChange"/>
        <object-type name="QPropertyValueAddedChangeBase"/>
        <object-type name="QPropertyValueRemovedChange"/>
        <object-type name="QPropertyValueRemovedChangeBase"/>
        <object-type name="QSceneChange">
            <enum-type name="DeliveryFlag" flags="DeliveryFlags"/>
        </object-type>
        <object-type name="QSkeleton" since="5.10"/>
        <object-type name="QSkeletonLoader" since="5.10">
            <enum-type name="Status"/>
        </object-type>
        <object-type name="QStaticPropertyUpdatedChangeBase"/>
        <object-type name="QStaticPropertyValueAddedChangeBase"/>
        <object-type name="QStaticPropertyValueRemovedChangeBase"/>
        <object-type name="QTransform">
            <!-- Disambiguate from QtGui/qtransform.h -->
            <include file-name="Qt3DCore/qtransform.h" location="global"/>
        </object-type>
    </namespace-type>
</typesystem>
